tool,language,workload,files,bytes,run,elapsed_ms,peak_rss_mib
hawkeye,mixed,clean,10000,10240000,1,77,9.359375
lmh,mixed,clean,10000,10240000,1,36,13.289062
before,mixed,clean,10000,10240000,1,120,6.765625
before,mixed,clean,10000,10240000,2,118,6.765625
lmh,mixed,clean,10000,10240000,2,36,13.394531
hawkeye,mixed,clean,10000,10240000,2,75,9.160156
lmh,mixed,clean,10000,10240000,3,36,13.230469
before,mixed,clean,10000,10240000,3,123,6.910156
hawkeye,mixed,clean,10000,10240000,3,81,9.156250
hawkeye,mixed,clean,10000,10240000,4,76,9.171875
before,mixed,clean,10000,10240000,4,117,6.867188
lmh,mixed,clean,10000,10240000,4,32,13.273438
before,mixed,clean,10000,10240000,5,121,6.828125
hawkeye,mixed,clean,10000,10240000,5,72,9.359375
lmh,mixed,clean,10000,10240000,5,37,13.253906
hawkeye,mixed,findings,10000,10240000,1,76,13.394531
lmh,mixed,findings,10000,10240000,1,70,15.062500
before,mixed,findings,10000,10240000,1,132,8.515625
before,mixed,findings,10000,10240000,2,132,8.453125
lmh,mixed,findings,10000,10240000,2,56,15.164062
hawkeye,mixed,findings,10000,10240000,2,77,13.441406
lmh,mixed,findings,10000,10240000,3,60,15.035156
before,mixed,findings,10000,10240000,3,134,8.515625
hawkeye,mixed,findings,10000,10240000,3,82,13.394531
hawkeye,mixed,findings,10000,10240000,4,75,13.562500
before,mixed,findings,10000,10240000,4,135,8.386719
lmh,mixed,findings,10000,10240000,4,62,15.160156
before,mixed,findings,10000,10240000,5,139,8.386719
hawkeye,mixed,findings,10000,10240000,5,75,13.375000
lmh,mixed,findings,10000,10240000,5,67,15.144531
hawkeye,mixed,fix,10000,10240000,1,121,13.441406
lmh,mixed,fix,10000,10240000,1,160,26.820312
before,mixed,fix,10000,10240000,1,419,32.136719
before,mixed,fix,10000,10240000,2,412,32.078125
lmh,mixed,fix,10000,10240000,2,148,26.878906
hawkeye,mixed,fix,10000,10240000,2,159,13.558594
lmh,mixed,fix,10000,10240000,3,147,26.714844
before,mixed,fix,10000,10240000,3,428,32.035156
hawkeye,mixed,fix,10000,10240000,3,122,13.425781
hawkeye,mixed,fix,10000,10240000,4,138,13.445312
before,mixed,fix,10000,10240000,4,433,32.015625
lmh,mixed,fix,10000,10240000,4,141,26.718750
before,mixed,fix,10000,10240000,5,432,32.125000
hawkeye,mixed,fix,10000,10240000,5,125,13.378906
lmh,mixed,fix,10000,10240000,5,145,26.859375
