tool,language,workload,files,bytes,median_ms,range_ms,files_per_s,mib_per_s,peak_rss_mib
before,mixed,clean,100,102400,4,0,25000,24.414,5.02
before,mixed,clean,1000,1024000,14,2,71428.571,69.754,5.344
before,mixed,clean,10000,10240000,120,6,83333.333,81.38,6.91
before,mixed,findings,100,102400,4,0,25000,24.414,5.02
before,mixed,findings,1000,1024000,15,1,66666.667,65.104,5.344
before,mixed,findings,10000,10240000,134,7,74626.866,72.878,8.516
before,mixed,fix,100,102400,6,1,16666.667,16.276,5.055
before,mixed,fix,1000,1024000,42,2,23809.524,23.251,7.531
before,mixed,fix,10000,10240000,428,21,23364.486,22.817,32.137
hawkeye,mixed,clean,100,102400,3,0,33333.333,32.552,7.25
hawkeye,mixed,clean,1000,1024000,10,6,100000,97.656,7.5
hawkeye,mixed,clean,10000,10240000,76,9,131578.947,128.495,9.359
hawkeye,mixed,findings,100,102400,3,0,33333.333,32.552,7.375
hawkeye,mixed,findings,1000,1024000,9,1,111111.111,108.507,7.871
hawkeye,mixed,findings,10000,10240000,76,7,131578.947,128.495,13.563
hawkeye,mixed,fix,100,102400,4,1,25000,24.414,7.363
hawkeye,mixed,fix,1000,1024000,13,0,76923.077,75.12,7.801
hawkeye,mixed,fix,10000,10240000,125,38,80000,78.125,13.559
lmh,bash,clean,1,1024,3,2,333.333,0.326,4.969
lmh,bash,clean,100,102400,3,1,33333.333,32.552,5.031
lmh,bash,clean,1000,1024000,6,1,166666.667,162.76,5.301
lmh,bash,clean,10000,10240000,34,7,294117.647,287.224,13.027
lmh,bash,findings,1,1024,3,0,333.333,0.326,4.906
lmh,bash,findings,100,102400,4,1,25000,24.414,5.094
lmh,bash,findings,1000,1024000,9,3,111111.111,108.507,5.883
lmh,bash,findings,10000,10240000,63,16,158730.159,155.01,15.281
lmh,bash,fix,1,1024,3,0,333.333,0.326,4.969
lmh,bash,fix,100,102400,6,1,16666.667,16.276,5.031
lmh,bash,fix,1000,1024000,16,3,62500,61.035,6.98
lmh,bash,fix,10000,10240000,140,42,71428.571,69.754,26.82
lmh,c,clean,1,1024,3,2,333.333,0.326,4.906
lmh,c,clean,100,102400,3,1,33333.333,32.552,5.031
lmh,c,clean,1000,1024000,6,1,166666.667,162.76,5.332
lmh,c,clean,10000,10240000,35,5,285714.286,279.018,12.961
lmh,c,findings,1,1024,3,1,333.333,0.326,4.906
lmh,c,findings,100,102400,4,1,25000,24.414,5.094
lmh,c,findings,1000,1024000,9,2,111111.111,108.507,5.871
lmh,c,findings,10000,10240000,54,14,185185.185,180.845,15.348
lmh,c,fix,1,1024,3,1,333.333,0.326,4.906
lmh,c,fix,100,102400,5,1,20000,19.531,5.031
lmh,c,fix,1000,1024000,14,3,71428.571,69.754,6.984
lmh,c,fix,10000,10240000,125,28,80000,78.125,26.863
lmh,cpp,clean,1,1024,3,1,333.333,0.326,4.906
lmh,cpp,clean,100,102400,3,1,33333.333,32.552,5.094
lmh,cpp,clean,1000,1024000,7,2,142857.143,139.509,5.324
lmh,cpp,clean,10000,10240000,38,6,263157.895,256.99,12.961
lmh,cpp,findings,1,1024,3,1,333.333,0.326,4.969
lmh,cpp,findings,100,102400,4,1,25000,24.414,5.031
lmh,cpp,findings,1000,1024000,10,3,100000,97.656,5.871
lmh,cpp,findings,10000,10240000,64,5,156250,152.588,15.242
lmh,cpp,fix,1,1024,3,1,333.333,0.326,4.969
lmh,cpp,fix,100,102400,5,1,20000,19.531,5.094
lmh,cpp,fix,1000,1024000,17,5,58823.529,57.445,6.992
lmh,cpp,fix,10000,10240000,131,32,76335.878,74.547,27.07
lmh,go,clean,1,1024,3,0,333.333,0.326,4.969
lmh,go,clean,100,102400,3,1,33333.333,32.552,5.031
lmh,go,clean,1000,1024000,6,1,166666.667,162.76,5.367
lmh,go,clean,10000,10240000,36,4,277777.778,271.267,12.984
lmh,go,findings,1,1024,3,1,333.333,0.326,4.906
lmh,go,findings,100,102400,4,1,25000,24.414,5.094
lmh,go,findings,1000,1024000,10,3,100000,97.656,5.832
lmh,go,findings,10000,10240000,69,14,144927.536,141.531,15.211
lmh,go,fix,1,1024,3,1,333.333,0.326,4.906
lmh,go,fix,100,102400,5,0,20000,19.531,5.031
lmh,go,fix,1000,1024000,17,4,58823.529,57.445,7
lmh,go,fix,10000,10240000,132,9,75757.576,73.982,27.082
lmh,javascript,clean,1,1024,3,1,333.333,0.326,4.906
lmh,javascript,clean,100,102400,3,0,33333.333,32.552,5.031
lmh,javascript,clean,1000,1024000,6,1,166666.667,162.76,5.457
lmh,javascript,clean,10000,10240000,33,6,303030.303,295.928,12.957
lmh,javascript,findings,1,1024,3,0,333.333,0.326,4.906
lmh,javascript,findings,100,102400,4,0,25000,24.414,5.031
lmh,javascript,findings,1000,1024000,10,1,100000,97.656,5.871
lmh,javascript,findings,10000,10240000,62,6,161290.323,157.51,15.234
lmh,javascript,fix,1,1024,3,1,333.333,0.326,4.906
lmh,javascript,fix,100,102400,5,0,20000,19.531,5.031
lmh,javascript,fix,1000,1024000,17,4,58823.529,57.445,7.004
lmh,javascript,fix,10000,10240000,121,32,82644.628,80.708,27.082
lmh,mixed,clean,100,102400,4,7,25000,24.414,4.969
lmh,mixed,clean,1000,1024000,7,1,142857.143,139.509,5.434
lmh,mixed,clean,10000,10240000,36,5,277777.778,271.267,13.395
lmh,mixed,findings,100,102400,4,0,25000,24.414,5.023
lmh,mixed,findings,1000,1024000,8,3,125000,122.07,5.895
lmh,mixed,findings,10000,10240000,62,14,161290.323,157.51,15.164
lmh,mixed,fix,100,102400,5,1,20000,19.531,5.094
lmh,mixed,fix,1000,1024000,17,5,58823.529,57.445,7.016
lmh,mixed,fix,10000,10240000,147,19,68027.211,66.433,26.879
lmh,python,clean,1,1024,3,1,333.333,0.326,5
lmh,python,clean,100,102400,3,1,33333.333,32.552,4.977
lmh,python,clean,1000,1024000,6,1,166666.667,162.76,5.695
lmh,python,clean,10000,10240000,36,3,277777.778,271.267,13.352
lmh,python,findings,1,1024,3,2,333.333,0.326,5
lmh,python,findings,100,102400,4,1,25000,24.414,5.031
lmh,python,findings,1000,1024000,9,2,111111.111,108.507,6.113
lmh,python,findings,10000,10240000,66,13,151515.152,147.964,15.484
lmh,python,fix,1,1024,3,0,333.333,0.326,4.941
lmh,python,fix,100,102400,6,2,16666.667,16.276,5.031
lmh,python,fix,1000,1024000,17,4,58823.529,57.445,7.125
lmh,python,fix,10000,10240000,127,26,78740.157,76.895,26.863
lmh,rust,clean,1,1024,3,0,333.333,0.326,4.969
lmh,rust,clean,100,102400,3,0,33333.333,32.552,5.094
lmh,rust,clean,1000,1024000,6,0,166666.667,162.76,5.348
lmh,rust,clean,10000,10240000,37,7,270270.27,263.936,12.984
lmh,rust,findings,1,1024,3,0,333.333,0.326,4.844
lmh,rust,findings,100,102400,4,0,25000,24.414,5.094
lmh,rust,findings,1000,1024000,9,2,111111.111,108.507,5.871
lmh,rust,findings,10000,10240000,64,4,156250,152.588,15.227
lmh,rust,fix,1,1024,3,2,333.333,0.326,4.906
lmh,rust,fix,100,102400,5,0,20000,19.531,5.031
lmh,rust,fix,1000,1024000,16,3,62500,61.035,6.996
lmh,rust,fix,10000,10240000,120,35,83333.333,81.38,27.012
lmh,swift,clean,1,1024,3,3,333.333,0.326,4.906
lmh,swift,clean,100,102400,3,3,33333.333,32.552,5.031
lmh,swift,clean,1000,1024000,6,2,166666.667,162.76,5.371
lmh,swift,clean,10000,10240000,34,7,294117.647,287.224,12.961
lmh,swift,findings,1,1024,3,0,333.333,0.326,4.906
lmh,swift,findings,100,102400,4,1,25000,24.414,5.094
lmh,swift,findings,1000,1024000,10,3,100000,97.656,5.859
lmh,swift,findings,10000,10240000,58,13,172413.793,168.373,15.273
lmh,swift,fix,1,1024,3,0,333.333,0.326,4.969
lmh,swift,fix,100,102400,6,1,16666.667,16.276,5.094
lmh,swift,fix,1000,1024000,17,4,58823.529,57.445,6.996
lmh,swift,fix,10000,10240000,135,32,74074.074,72.338,27.086
lmh,typescript,clean,1,1024,3,1,333.333,0.326,4.906
lmh,typescript,clean,100,102400,3,1,33333.333,32.552,5.031
lmh,typescript,clean,1000,1024000,7,1,142857.143,139.509,5.234
lmh,typescript,clean,10000,10240000,37,5,270270.27,263.936,12.969
lmh,typescript,findings,1,1024,3,1,333.333,0.326,4.906
lmh,typescript,findings,100,102400,4,1,25000,24.414,5.094
lmh,typescript,findings,1000,1024000,9,5,111111.111,108.507,5.859
lmh,typescript,findings,10000,10240000,64,13,156250,152.588,15.199
lmh,typescript,fix,1,1024,3,0,333.333,0.326,4.906
lmh,typescript,fix,100,102400,6,0,16666.667,16.276,5.031
lmh,typescript,fix,1000,1024000,17,1,58823.529,57.445,7.117
lmh,typescript,fix,10000,10240000,128,24,78125,76.294,27.035
